censuscode,district,state,centroid_lat,centroid_lon,area_km2,population_2024,population_2025,pop_density_per_km2_2024,pop_density_per_km2_2025
0.0,Data Not Available,Jammu & Kashmir,35.530808,74.903832,86440.24,3108238,3126684,35.96,36.17
1.0,Kupwara,Jammu & Kashmir,34.531932,74.266054,2025.97,6788762,6852657,3350.87,3382.41
2.0,Badgam,Jammu & Kashmir,33.890006,74.662969,1294.63,5577070,5627765,4307.85,4347.01
3.0,Leh (ladakh),Jammu & Kashmir,34.338836,78.43592,80332.96,10408631,10504198,129.57,130.76
4.0,Kargil,Jammu & Kashmir,33.966601,76.484452,14943.36,387301,390307,25.92,26.12
5.0,Punch,Jammu & Kashmir,33.701782,74.199162,2419.18,3056494,3086776,1263.44,1275.96
6.0,Rajouri,Jammu & Kashmir,33.310174,74.398775,1945.78,1620493,1631392,832.82,838.43
7.0,Kathua,Jammu & Kashmir,32.566266,75.593799,2370.08,2743692,2755078,1157.64,1162.44
8.0,Baramula,Jammu & Kashmir,34.16274,74.463392,1787.9,4117939,4164958,2303.23,2329.53
9.0,Bandipore,Jammu & Kashmir,34.504036,74.828318,2314.44,1147728,1163585,495.9,502.75
10.0,Srinagar,Jammu & Kashmir,34.175779,74.914761,1073.99,8109886,8200314,7551.17,7635.37
11.0,Ganderbal,Jammu & Kashmir,34.294666,75.199964,1076.5,781543,784513,726.0,728.76
12.0,Pulwama,Jammu & Kashmir,33.932953,75.037277,617.29,4002880,4045718,6484.6,6554.0
13.0,Shupiyan,Jammu & Kashmir,33.730668,74.818688,548.56,1334142,1348220,2432.08,2457.74
14.0,Anantnag,Jammu & Kashmir,33.815203,75.357499,3163.33,2982118,3019698,942.71,954.59
15.0,Kulgam,Jammu & Kashmir,33.588189,74.860575,1338.65,2857169,2877067,2134.37,2149.23
16.0,Doda,Jammu & Kashmir,33.100814,75.649701,2090.71,2658043,2678377,1271.36,1281.08
17.0,Ramban,Jammu & Kashmir,33.323005,75.186098,1119.26,2171501,2187530,1940.12,1954.44
18.0,Kishtwar,Jammu & Kashmir,33.529576,76.014617,8653.4,2371786,2394317,274.09,276.69
19.0,Udhampur,Jammu & Kashmir,32.894046,75.327634,2414.12,4346644,4372604,1800.51,1811.26
20.0,Reasi,Jammu & Kashmir,33.20741,74.822304,2300.88,841170,846582,365.59,367.94
21.0,Jammu,Jammu & Kashmir,32.762518,74.788371,2022.94,15431,15535,7.63,7.68
22.0,Samba,Jammu & Kashmir,32.575231,75.109293,988.82,2347098,2363290,2373.64,2390.01
23.0,Chamba,Himachal Pradesh,32.677454,76.35425,6499.58,1237656,1252498,190.42,192.7
24.0,Kangra,Himachal Pradesh,32.10875,76.317689,5741.03,4089598,4142661,712.35,721.59
25.0,Lahul & Spiti,Himachal Pradesh,32.480506,77.616134,13858.21,927246,930810,66.91,67.17
26.0,Kullu,Himachal Pradesh,31.904467,77.400218,5522.77,950880,961147,172.17,174.03
27.0,Mandi,Himachal Pradesh,31.638285,76.992944,3965.96,1685591,1708097,425.01,430.69
28.0,Hamirpur,Himachal Pradesh,31.668041,76.525766,1127.61,3356712,3398604,2976.84,3013.99
29.0,Una,Himachal Pradesh,31.580659,76.21008,1547.17,4943532,4985486,3195.21,3222.33
30.0,Bilaspur,Himachal Pradesh,31.372313,76.671902,1172.06,6319516,6395958,5391.8,5457.02
31.0,Solan,Himachal Pradesh,31.042924,76.909542,1964.96,1044512,1051079,531.57,534.91
32.0,Sirmaur,Himachal Pradesh,30.667558,77.430961,2818.54,2133850,2148638,757.08,762.32
33.0,Shimla,Himachal Pradesh,31.197043,77.632389,5148.78,362284,363641,70.36,70.63
34.0,Kinnaur,Himachal Pradesh,31.596794,78.412625,6469.61,1371169,1385540,211.94,214.16
35.0,Gurdaspur,Punjab,32.024197,75.386443,3641.55,2884467,2925312,792.1,803.32
36.0,Kapurthala,Punjab,31.354059,75.403072,1671.63,1329421,1339646,795.28,801.4
37.0,Jalandhar,Punjab,31.212615,75.566577,2620.94,2293280,2317360,874.98,884.17
38.0,Hoshiarpur,Punjab,31.62601,75.858765,3383.84,1949623,1961191,576.16,579.58
39.0,Shahid Bhagat Singh Nagar,Punjab,31.109126,76.155963,1306.78,2305462,2323804,1764.23,1778.27
40.0,Fatehgarh Sahib,Punjab,30.632221,76.365316,1147.59,3677578,3719988,3204.61,3241.57
41.0,Ludhiana,Punjab,30.808741,75.838153,3603.61,2153279,2183020,597.53,605.79
42.0,Moga,Punjab,30.770013,75.168045,2362.87,4697616,4752072,1988.1,2011.14
43.0,Firozpur,Punjab,30.560487,74.400903,5251.93,2519165,2546664,479.66,484.9
44.0,Muktsar,Punjab,30.29464,74.541021,2627.33,206833,208167,78.72,79.23
45.0,Faridkot,Punjab,30.610863,74.779169,1462.44,1731544,1745646,1184.01,1193.65
46.0,Bathinda,Punjab,30.182766,75.040659,3394.28,8610434,8669707,2536.75,2554.21
47.0,Mansa,Punjab,29.908375,75.438946,2225.13,2459621,2493438,1105.38,1120.58
48.0,Patiala,Punjab,30.281455,76.353968,3343.18,4816492,4841372,1440.69,1448.13
49.0,Amritsar,Punjab,31.704612,74.900668,2679.77,1884047,1906528,703.06,711.45
50.0,Tarn Taran,Punjab,31.337325,74.844609,2411.55,3625201,3676328,1503.27,1524.47
51.0,Rupnagar,Punjab,31.059371,76.486418,1389.05,1607983,1617917,1157.61,1164.77
52.0,Sahibzada Ajit Singh Nagar,Punjab,30.680913,76.737759,1111.31,1489166,1498234,1340.01,1348.17
53.0,Sangrur,Punjab,30.21352,75.868619,3617.96,1158809,1168510,320.29,322.97
54.0,Barnala,Punjab,30.397194,75.5048,1494.41,10453473,10507791,6995.05,7031.4
55.0,Chandigarh,Chandigarh,30.730057,76.781472,118.7,4015880,4058471,33832.18,34190.99
56.0,Uttarkashi,Uttarakhand,30.973055,78.603884,8059.61,3524047,3556839,437.25,441.32
57.0,Chamoli,Uttarakhand,30.495348,79.578739,7834.75,802518,807987,102.43,103.13
58.0,Rudraprayag,Uttarakhand,30.530302,79.058902,1837.62,1762527,1777428,959.14,967.24
59.0,Tehri Garhwal,Uttarakhand,30.43735,78.537018,3872.38,1639425,1661702,423.36,429.12
60.0,Dehradun,Uttarakhand,30.463505,77.973247,3074.77,1679609,1694412,546.26,551.07
61.0,Garhwal,Uttarakhand,29.892869,78.769623,5462.65,3277520,3316568,599.99,607.14
62.0,Pithoragarh,Uttarakhand,30.111977,80.347704,7238.84,1938564,1952314,267.8,269.7
63.0,Bageshwar,Uttarakhand,29.991112,79.859606,2281.7,543500,547273,238.2,239.85
64.0,Almora,Uttarakhand,29.689198,79.501938,3103.38,3643739,3687161,1174.12,1188.11
65.0,Champawat,Uttarakhand,29.298847,80.069735,1649.05,5252955,5292138,3185.44,3209.2
66.0,Nainital,Uttarakhand,29.312709,79.454722,4139.54,2060872,2073514,497.85,500.9
67.0,Udham Singh Nagar,Uttarakhand,29.027456,79.523466,2752.34,2046846,2067058,743.67,751.02
68.0,Hardwar,Uttarakhand,29.871812,78.001213,2391.47,1286212,1295546,537.83,541.74
69.0,Panchkula,Haryana,30.685985,76.977626,851.32,3438904,3478218,4039.5,4085.68
70.0,Ambala,Haryana,30.328536,76.942196,1516.94,1532022,1542306,1009.94,1016.72
71.0,Yamunanagar,Haryana,30.236438,77.304982,1741.97,1801072,1817748,1033.93,1043.5
72.0,Kurukshetra,Haryana,30.04507,76.786201,1574.87,2061729,2079592,1309.14,1320.48
73.0,Kaithal,Haryana,29.814022,76.418226,2309.31,3670732,3702506,1589.54,1603.3
74.0,Karnal,Haryana,29.687462,76.884748,2647.75,2552123,2575862,963.88,972.85
75.0,Panipat,Haryana,29.332587,76.926338,1230.35,1333022,1348298,1083.45,1095.87
76.0,Sonipat,Haryana,29.06172,76.879495,2164.85,2250390,2277106,1039.51,1051.85
77.0,Jind,Haryana,29.435381,76.300931,2720.46,2670794,2705278,981.74,994.42
78.0,Fatehabad,Haryana,29.576428,75.579159,2418.64,2961764,2993430,1224.56,1237.65
79.0,Sirsa,Haryana,29.614793,74.901465,4272.9,3676332,3706421,860.38,867.43
80.0,Hisar,Haryana,29.215092,75.815609,4224.0,1267830,1275635,300.15,302.0
81.0,Bhiwani,Haryana,28.717943,75.967617,4648.12,322910,325855,69.47,70.1
82.0,Rohtak,Haryana,28.914536,76.52918,1727.12,2803641,2824164,1623.3,1635.19
83.0,Jhajjar,Haryana,28.604751,76.649414,1945.04,3387466,3425626,1741.59,1761.21
84.0,Mahendragarh,Haryana,28.172889,76.143167,1939.02,3792040,3828411,1955.65,1974.41
85.0,Rewari,Haryana,28.235759,76.543344,1498.12,3390870,3421737,2263.42,2284.02
86.0,Gurgaon,Haryana,28.368061,76.940774,1241.1,533577,536186,429.92,432.02
87.0,Mewat,Haryana,27.981665,77.046561,1471.35,4541738,4566236,3086.78,3103.43
88.0,Faridabad,Haryana,28.33272,77.354765,842.95,355658,358338,421.92,425.1
89.0,Palwal,Haryana,28.047497,77.31835,1326.67,2638100,2666707,1988.51,2010.08
90.0,North West,NCT of Delhi,28.768779,77.086867,444.34,684757,690477,1541.07,1553.94
91.0,North,NCT of Delhi,28.710563,77.211537,69.26,2609639,2640852,37678.88,38129.54
92.0,North East,NCT of Delhi,28.707692,77.273976,62.68,3122927,3163406,49823.34,50469.14
93.0,East,NCT of Delhi,28.629248,77.298023,65.43,2641715,2661250,40374.68,40673.24
94.0,New Delhi,NCT of Delhi,28.610883,77.213971,38.6,1305264,1317090,33815.13,34121.5
95.0,Central,NCT of Delhi,28.643118,77.219675,15.14,643167,649733,42481.31,42914.99
96.0,West,NCT of Delhi,28.655321,77.0657,122.47,1846523,1870274,15077.35,15271.28
97.0,South West,NCT of Delhi,28.572377,77.027363,435.79,1472358,1484582,3378.6,3406.65
98.0,South,NCT of Delhi,28.501361,77.227386,254.42,383359,388971,1506.8,1528.85
99.0,Ganganagar,Rajasthan,29.395477,73.563155,10814.22,356646,358568,32.98,33.16
100.0,Hanumangarh,Rajasthan,29.27139,74.549011,10019.67,482459,484286,48.15,48.33
101.0,Bikaner,Rajasthan,28.177724,73.177397,30646.68,241059,242142,7.87,7.9
102.0,Churu,Rajasthan,28.345505,74.698516,14017.13,133427,134447,9.52,9.59
103.0,Jhunjhunun,Rajasthan,28.091906,75.552407,5960.32,1091387,1098817,183.11,184.36
104.0,Alwar,Rajasthan,27.591473,76.606022,8339.3,2752076,2783031,330.01,333.72
105.0,Bharatpur,Rajasthan,27.245655,77.278828,5068.62,102907,103743,20.3,20.47
106.0,Dhaulpur,Rajasthan,26.680788,77.703343,3033.28,1285658,1293284,423.85,426.36
107.0,Karauli,Rajasthan,26.520679,76.963851,4955.39,2670964,2689174,539.0,542.68
108.0,Sawai Madhopur,Rajasthan,26.216853,76.467921,5058.8,185316,186705,36.63,36.91
109.0,Dausa,Rajasthan,26.856096,76.513947,3492.18,1255300,1273705,359.46,364.73
110.0,Jaipur,Rajasthan,26.980451,75.72431,11333.12,1351532,1356417,119.26,119.69
111.0,Sikar,Rajasthan,27.636597,75.287545,7749.48,1930942,1952264,249.17,251.92
112.0,Nagaur,Rajasthan,27.06404,74.187948,17845.09,2634246,2661352,147.62,149.14
113.0,Jodhpur,Rajasthan,26.75083,72.788028,23229.69,1536535,1547445,66.15,66.61
114.0,Jaisalmer,Rajasthan,27.0774,70.903385,39380.83,1693308,1705444,43.0,43.31
115.0,Barmer,Rajasthan,25.735584,71.473268,29049.99,746728,753168,25.7,25.93
116.0,Jalor,Rajasthan,25.097771,72.211864,10934.57,1882336,1893362,172.15,173.15
117.0,Sirohi,Rajasthan,24.758906,72.774314,5244.24,1647997,1668464,314.25,318.15
118.0,Pali,Rajasthan,25.707873,73.520649,12519.22,1773033,1788935,141.62,142.9
119.0,Ajmer,Rajasthan,26.229897,74.775167,8597.26,5451633,5485985,634.11,638.11
120.0,Tonk,Rajasthan,26.14578,75.671866,7295.66,219786,221415,30.13,30.35
121.0,Bundi,Rajasthan,25.47004,75.777479,5615.74,2588456,2613083,460.93,465.31
122.0,Bhilwara,Rajasthan,25.479968,74.729072,10558.51,5238251,5261770,496.12,498.34
123.0,Rajsamand,Rajasthan,25.216325,73.892302,4859.89,2397278,2406144,493.28,495.1
124.0,Dungarpur,Rajasthan,23.732488,73.855135,3833.3,3042640,3061043,793.74,798.54
125.0,Banswara,Rajasthan,23.475174,74.363902,4553.92,2981579,3000031,654.73,658.78
126.0,Chittaurgarh,Rajasthan,24.828686,74.779796,7714.63,666443,691318,86.39,89.61
127.0,Kota,Rajasthan,25.12413,76.129317,5538.97,803532,810750,145.07,146.37
128.0,Baran,Rajasthan,24.995174,76.75659,6845.98,2456855,2468268,358.88,360.54
129.0,Jhalawar,Rajasthan,24.328857,76.19677,6288.22,3918041,3946244,623.08,627.56
130.0,Udaipur,Rajasthan,24.407655,73.706403,12070.79,428049,446203,35.46,36.97
131.0,Pratapgarh,Rajasthan,24.029425,74.68096,4348.22,1309740,1322378,301.21,304.12
132.0,Saharanpur,Uttar Pradesh,29.949577,77.547691,3732.2,4562702,4620106,1222.52,1237.9
133.0,Muzaffarnagar,Uttar Pradesh,29.439016,77.592319,4061.37,2698762,2715585,664.5,668.64
134.0,Bijnor,Uttar Pradesh,29.386983,78.398756,4321.69,1158180,1167429,267.99,270.13
135.0,Moradabad,Uttar Pradesh,28.775232,78.708533,3626.95,487757,491108,134.48,135.41
136.0,Rampur,Uttar Pradesh,28.795481,79.105475,2572.53,569870,575892,221.52,223.86
137.0,Jyotiba Phule Nagar,Uttar Pradesh,28.813549,78.32936,2274.65,1745081,1755691,767.19,771.85
138.0,Meerut,Uttar Pradesh,29.035726,77.793924,2617.21,545696,549438,208.5,209.93
139.0,Baghpat,Uttar Pradesh,29.055273,77.312862,1331.96,2339962,2349971,1756.78,1764.3
140.0,Ghaziabad,Uttar Pradesh,28.738921,77.706707,1981.05,1937624,1961435,978.08,990.1
141.0,Gautam Buddha Nagar,Uttar Pradesh,28.397862,77.547057,1412.06,3733234,3776514,2643.82,2674.47
142.0,Bulandshahr,Uttar Pradesh,28.357574,78.012305,3564.93,2132093,2153449,598.07,604.06
143.0,Aligarh,Uttar Pradesh,27.926866,78.079311,3748.44,472983,476598,126.18,127.15
144.0,Mahamaya Nagar,Uttar Pradesh,27.577588,78.161576,1770.62,880488,888120,497.28,501.59
145.0,Mathura,Uttar Pradesh,27.596807,77.627641,3360.64,3456022,3492334,1028.38,1039.19
146.0,Agra,Uttar Pradesh,27.03766,78.079466,4031.23,3087394,3123846,765.87,774.91
147.0,Firozabad,Uttar Pradesh,27.180605,78.539867,2404.51,1924066,1934635,800.19,804.59
148.0,Mainpuri,Uttar Pradesh,27.180573,79.059074,2700.08,1483558,1493165,549.45,553.01
149.0,Budaun,Uttar Pradesh,28.115296,78.945362,5078.93,747873,755281,147.25,148.71
150.0,Bareilly,Uttar Pradesh,28.449429,79.422282,3784.25,970196,978574,256.38,258.59
151.0,Pilibhit,Uttar Pradesh,28.541825,79.961698,3590.73,1331157,1340103,370.72,373.21
152.0,Shahjahanpur,Uttar Pradesh,27.975739,79.844933,4650.9,1353999,1367250,291.13,293.98
153.0,Kheri,Uttar Pradesh,28.122514,80.667047,7703.68,2527740,2546874,328.12,330.6
154.0,Sitapur,Uttar Pradesh,27.517716,80.85739,5775.25,8214,8273,1.42,1.43
155.0,Hardoi,Uttar Pradesh,27.328706,80.162509,6006.65,1799035,1814465,299.51,302.08
156.0,Unnao,Uttar Pradesh,26.609176,80.55935,4594.16,2577589,2590158,561.06,563.79
157.0,Lucknow,Uttar Pradesh,26.841571,80.906732,2537.07,736747,745567,290.39,293.87
158.0,Rae Bareli,Uttar Pradesh,26.228795,81.23136,4614.65,126603,132289,27.44,28.67
159.0,Farrukhabad,Uttar Pradesh,27.430377,79.461343,2184.5,316715,318822,144.98,145.95
160.0,Kannauj,Uttar Pradesh,27.011972,79.687944,2073.98,1850658,1872316,892.32,902.76
161.0,Etawah,Uttar Pradesh,26.759287,79.096551,2325.51,1547140,1564770,665.29,672.87
162.0,Auraiya,Uttar Pradesh,26.660686,79.482755,2006.3,1685448,1706710,840.08,850.68
163.0,Kanpur Dehat,Uttar Pradesh,26.444783,79.85713,3211.03,3840526,3872557,1196.04,1206.02
164.0,Kanpur Nagar,Uttar Pradesh,26.380524,80.215779,2876.88,926790,933761,322.15,324.57
165.0,Jalaun,Uttar Pradesh,26.091189,79.387426,4570.96,1675186,1698126,366.48,371.5
166.0,Jhansi,Uttar Pradesh,25.505448,78.953975,5067.9,283977,286253,56.03,56.48
167.0,Lalitpur,Uttar Pradesh,24.653336,78.561883,5051.51,482065,486418,95.43,96.29
168.0,Hamirpur,Uttar Pradesh,25.73161,79.878936,4259.53,4984510,5011317,1170.2,1176.5
169.0,Mahoba,Uttar Pradesh,25.344272,79.696648,2870.73,48030,48388,16.73,16.86
170.0,Banda,Uttar Pradesh,25.465005,80.561799,4529.01,818237,823208,180.67,181.76
171.0,Chitrakoot,Uttar Pradesh,25.205111,81.089623,3079.55,1507600,1522663,489.55,494.44
172.0,Fatehpur,Uttar Pradesh,25.873335,80.806992,4171.84,201579,203056,48.32,48.67
173.0,Pratapgarh,Uttar Pradesh,25.872555,81.831443,3710.71,5065325,5088160,1365.06,1371.21
174.0,Kaushambi,Uttar Pradesh,25.488742,81.453591,2027.53,3880096,3898837,1913.71,1922.95
175.0,Allahabad,Uttar Pradesh,25.298896,81.971718,5214.06,1788726,1813665,343.06,347.84
176.0,Bara Banki,Uttar Pradesh,26.938642,81.327403,3789.92,2363190,2389988,623.55,630.62
177.0,Faizabad,Uttar Pradesh,26.658914,81.992424,2734.44,3436186,3475910,1256.63,1271.16
178.0,Ambedkar Nagar,Uttar Pradesh,26.420062,82.668547,2315.1,2014991,2036572,870.37,879.69
179.0,Sultanpur,Uttar Pradesh,26.274927,82.020115,4413.96,725471,730524,164.36,165.5
180.0,Bahraich,Uttar Pradesh,27.736385,81.451867,4322.63,1583449,1607655,366.32,371.92
181.0,Shrawasti,Uttar Pradesh,27.654697,81.883967,2503.22,1327532,1344094,530.33,536.95
182.0,Balrampur,Uttar Pradesh,27.484972,82.377593,3322.72,774900,780172,233.21,234.8
183.0,Gonda,Uttar Pradesh,27.08411,82.025569,4033.92,2425501,2454554,601.28,608.48
184.0,Siddharth Nagar,Uttar Pradesh,27.274054,82.873443,2832.11,2856352,2888743,1008.56,1020.0
185.0,Basti,Uttar Pradesh,26.818345,82.631087,2882.61,2311694,2327778,801.94,807.52
186.0,Sant Kabir Nagar,Uttar Pradesh,26.79016,83.034814,1599.28,975007,981146,609.65,613.49
187.0,Maharajganj,Uttar Pradesh,27.202529,83.533259,2900.82,476177,479046,164.15,165.14
188.0,Gorakhpur,Uttar Pradesh,26.657783,83.361434,3363.92,44247,44552,13.15,13.24
189.0,Kushinagar,Uttar Pradesh,26.86171,83.934855,2889.23,2249040,2272170,778.42,786.43
190.0,Deoria,Uttar Pradesh,26.422737,83.836566,2557.15,2971142,2999744,1161.9,1173.08
191.0,Azamgarh,Uttar Pradesh,26.047042,83.069655,4271.76,2984088,3002320,698.56,702.83
192.0,Mau,Uttar Pradesh,26.043059,83.56288,1695.49,1355930,1364673,799.73,804.88
193.0,Ballia,Uttar Pradesh,25.875384,84.105463,3009.14,1593526,1617764,529.56,537.62
194.0,Jaunpur,Uttar Pradesh,25.746,82.575913,4031.38,873544,877220,216.69,217.6
195.0,Ghazipur,Uttar Pradesh,25.622446,83.556211,3384.8,7171408,7237130,2118.71,2138.13
196.0,Chandauli,Uttar Pradesh,25.137431,83.261087,2533.58,6353396,6429712,2507.68,2537.8
197.0,Varanasi,Uttar Pradesh,25.38805,82.917583,1549.64,5792585,5851805,3738.02,3776.24
198.0,Sant Ravi Das Nagar(bhadohi),Uttar Pradesh,25.348074,82.464226,1007.89,5001985,5061808,4962.83,5022.18
199.0,Mirzapur,Uttar Pradesh,24.985413,82.619196,4511.84,2853706,2892957,632.49,641.19
200.0,Sonbhadra,Uttar Pradesh,24.402122,83.053516,6783.1,1203049,1214045,177.36,178.98
201.0,Etah,Uttar Pradesh,27.512064,78.713186,2514.15,1143333,1157134,454.76,460.25
202.0,Kansiram Nagar,Uttar Pradesh,27.777216,78.84537,1966.73,1991933,2007182,1012.81,1020.57
203.0,Pashchim Champaran,Bihar,27.079249,84.34121,5258.1,4065696,4113265,773.23,782.27
204.0,Purba Champaran,Bihar,26.61845,84.924678,3990.86,1783896,1796205,447.0,450.08
205.0,Sheohar,Bihar,26.527042,85.28993,289.23,3496271,3550677,12088.2,12276.31
206.0,Sitamarhi,Bihar,26.576001,85.539693,2340.62,6695882,6769197,2860.73,2892.05
207.0,Madhubani,Bihar,26.405665,86.217927,3458.72,2224204,2238199,643.07,647.12
208.0,Supaul,Bihar,26.247697,86.800091,2415.89,1216688,1231405,503.62,509.71
209.0,Araria,Bihar,26.199497,87.354341,2831.91,1381253,1395530,487.75,492.79
210.0,Kishanganj,Bihar,26.295615,87.935283,1954.49,5241548,5270802,2681.8,2696.77
211.0,Purnia,Bihar,25.816137,87.407076,3271.66,2282058,2298165,697.52,702.45
212.0,Katihar,Bihar,25.545446,87.644986,3088.77,2846504,2878508,921.57,931.93
213.0,Madhepura,Bihar,25.825892,86.896288,1849.94,2369730,2395072,1280.98,1294.68
214.0,Saharsa,Bihar,25.816587,86.589798,1698.23,527330,531798,310.52,313.15
215.0,Darbhanga,Bihar,26.113796,86.025289,2298.75,539708,542620,234.78,236.05
216.0,Muzaffarpur,Bihar,26.151145,85.330759,3194.51,1564730,1579627,489.82,494.48
217.0,Gopalganj,Bihar,26.442745,84.377309,2042.81,2365270,2387670,1157.85,1168.82
218.0,Siwan,Bihar,26.160759,84.389549,2227.4,4809542,4835490,2159.26,2170.91
219.0,Saran (chhapra),Bihar,25.904655,84.825311,2649.21,657130,664066,248.05,250.67
220.0,Vaishali,Bihar,25.762314,85.370015,2012.01,2954871,3002874,1468.62,1492.47
221.0,Samastipur,Bihar,25.776965,85.903654,2916.61,1630090,1637420,558.9,561.41
222.0,Begusarai,Bihar,25.495287,86.130844,1947.46,2775725,2796816,1425.31,1436.14
223.0,Khagaria,Bihar,25.512183,86.603146,1499.58,1723979,1744098,1149.64,1163.06
224.0,Bhagalpur,Bihar,25.270485,87.084374,2563.87,1515311,1524482,591.02,594.6
225.0,Banka,Bihar,24.853693,86.840858,3123.93,2187603,2215716,700.27,709.27
226.0,Munger,Bihar,25.209967,86.52735,1440.42,1074616,1081874,746.04,751.08
227.0,Lakhisarai,Bihar,25.155466,86.131164,1273.05,2519190,2548044,1978.86,2001.53
228.0,Sheikhpura,Bihar,25.131943,85.828919,641.85,1452216,1467340,2262.55,2286.11
229.0,Nalanda,Bihar,25.220821,85.455862,2343.15,1745002,1756893,744.72,749.8
230.0,Patna,Bihar,25.456437,85.222159,3215.11,6636865,6674070,2064.27,2075.84
231.0,Bhojpur,Bihar,25.469046,84.543681,2376.07,2468326,2481496,1038.83,1044.37
232.0,Buxar,Bihar,25.491436,84.101822,1710.43,970221,976936,567.24,571.16
233.0,Kaimur (bhabua),Bihar,24.991128,83.606667,3349.38,1413043,1423955,421.88,425.14
234.0,Rohtas,Bihar,24.979411,84.027735,3868.54,55620,55990,14.38,14.47
235.0,Aurangabad,Bihar,24.792871,84.412197,3283.92,4137466,4180746,1259.92,1273.1
236.0,Gaya,Bihar,24.699076,84.935995,4977.94,2791466,2821395,560.77,566.78
237.0,Nawada,Bihar,24.811038,85.594136,2492.72,1090600,1097204,437.51,440.16
238.0,Jamui,Bihar,24.783801,86.295214,3066.51,550164,553628,179.41,180.54
239.0,Jehanabad,Bihar,25.15657,85.030135,933.28,8740855,8834247,9365.74,9465.81
240.0,Arwal,Bihar,25.16158,84.690404,666.89,974431,982860,1461.16,1473.8
241.0,North,Sikkim,27.743396,88.532447,4316.17,1695636,1706244,392.86,395.31
242.0,West,Sikkim,27.349122,88.177943,1214.16,2437792,2454362,2007.8,2021.45
243.0,South,Sikkim,27.286759,88.387874,740.13,2277943,2300580,3077.76,3108.35
244.0,East,Sikkim,27.292758,88.678047,955.39,3838554,3866050,4017.79,4046.57
245.0,Tawang,Arunanchal Pradesh,27.66186,91.953578,2424.74,2448824,2468418,1009.93,1018.01
246.0,West Kameng,Arunanchal Pradesh,27.302869,92.410975,5430.72,2320202,2345066,427.24,431.81
247.0,East Kameng,Arunanchal Pradesh,27.441116,92.968009,6210.14,5495376,5528772,884.9,890.28
248.0,Papum Pare,Arunanchal Pradesh,27.288791,93.596939,3925.92,2454536,2470478,625.21,629.27
249.0,Upper Subansiri,Arunanchal Pradesh,28.289952,93.936737,6672.36,4369580,4407696,654.88,660.59
250.0,West Siang,Arunanchal Pradesh,28.32087,94.511613,8285.64,864792,874710,104.37,105.57
251.0,East Siang,Arunanchal Pradesh,28.123786,95.163393,3921.04,2467920,2504165,629.4,638.65
252.0,Upper Siang,Arunanchal Pradesh,28.833555,94.918055,7077.84,1763168,1778554,249.11,251.28
253.0,Changlang,Arunanchal Pradesh,27.362646,96.345176,5331.74,970138,980261,181.96,183.85
254.0,Tirap,Arunanchal Pradesh,26.947124,95.440928,2135.3,6464502,6551128,3027.44,3068.01
255.0,Lower Subansiri,Arunanchal Pradesh,27.625542,93.939079,2579.24,1633014,1657114,633.14,642.48
256.0,Kurung Kumey,Arunanchal Pradesh,27.999829,93.392404,7034.25,1334388,1350237,189.7,191.95
257.0,Dibang Valley,Arunanchal Pradesh,28.951303,95.902753,7803.1,1274620,1285461,163.35,164.74
258.0,Lower Dibang Valley,Arunanchal Pradesh,28.372582,95.880395,5992.06,3686044,3720399,615.15,620.89
259.0,Lohit,Arunanchal Pradesh,27.840119,96.195209,4113.55,1167953,1175198,283.93,285.69
260.0,Anjaw,Arunanchal Pradesh,28.065489,96.828778,6910.33,3254926,3290146,471.02,476.12
261.0,Mon,Nagaland,26.73118,95.021655,1930.86,5681666,5739274,2942.56,2972.39
262.0,Mokokchung,Nagaland,26.471965,94.531756,1678.63,1393509,1404832,830.15,836.89
263.0,Zunheboto,Nagaland,26.031634,94.525282,1317.53,4060218,4096345,3081.69,3109.11
264.0,Wokha,Nagaland,26.184872,94.192629,1696.47,1815066,1838297,1069.91,1083.6
265.0,Dimapur,Nagaland,25.778525,93.785084,844.35,4602803,4644272,5451.3,5500.41
266.0,Phek,Nagaland,25.660831,94.525521,2145.86,1951838,1976499,909.58,921.08
267.0,Tuensang,Nagaland,26.200192,94.905752,2588.2,1303807,1316511,503.75,508.66
268.0,Longleng,Nagaland,26.555401,94.800309,591.04,1745046,1755910,2952.5,2970.88
269.0,Kiphire,Nagaland,25.844856,94.825142,1203.86,2154634,2173479,1789.77,1805.43
270.0,Kohima,Nagaland,25.781039,94.129076,1541.23,1488373,1501794,965.7,974.41
271.0,Peren,Nagaland,25.49957,93.623522,1811.85,5673720,5696764,3131.45,3144.17
272.0,Senapati,Manipur,25.196507,94.04015,3632.08,737218,742448,202.97,204.41
273.0,Tamenglong,Manipur,24.947273,93.52726,4359.55,1890290,1901158,433.6,436.09
274.0,Churachandpur,Manipur,24.289772,93.426876,4759.03,1246815,1257218,261.99,264.18
275.0,Bishnupur,Manipur,24.535221,93.801093,500.45,1404423,1426326,2806.32,2850.09
276.0,Thoubal,Manipur,24.530826,93.971612,744.1,1578930,1585023,2121.93,2130.12
277.0,Imphal West,Manipur,24.6816,93.154398,311.73,2576225,2587865,8264.28,8301.62
278.0,Imphal East,Manipur,24.816553,93.942121,959.7,1644653,1668035,1713.72,1738.08
279.0,Ukhrul,Manipur,25.020252,94.433985,4659.73,5205340,5258774,1117.09,1128.56
280.0,Chandel,Manipur,24.235492,94.093184,3323.8,1236386,1252002,371.98,376.68
281.0,Mamit,Mizoram,23.754013,92.467184,3136.33,1004071,1010904,320.14,322.32
282.0,Kolasib,Mizoram,24.197972,92.726936,1394.16,1341714,1353755,962.38,971.02
283.0,Aizawl,Mizoram,23.81062,92.889055,3866.91,122108,122942,31.58,31.79
284.0,Champhai,Mizoram,23.529404,93.240017,3480.2,974983,983190,280.15,282.51
285.0,Serchhip,Mizoram,23.265956,92.959209,1194.06,5447880,5481489,4562.48,4590.63
286.0,Lunglei,Mizoram,22.971923,92.722582,4677.57,1718341,1736721,367.36,371.29
287.0,Lawangtlai,Mizoram,22.3836,92.713197,2068.54,1706342,1714531,824.9,828.86
288.0,Saiha,Mizoram,22.376698,93.012174,2047.63,1834216,1842592,895.78,899.87
289.0,West Tripura,Tripura,23.802233,91.464871,3080.11,962916,968852,312.62,314.55
290.0,South Tripura,Tripura,23.368451,91.60955,3234.23,4423918,4475938,1367.84,1383.93
291.0,Dhalai,Tripura,23.843072,91.925906,2322.98,1479772,1495312,637.01,643.7
292.0,North Tripura,Tripura,24.130503,92.15552,2109.68,2910004,2942843,1379.36,1394.92
293.0,West Garo Hills,Meghalaya,25.58505,90.144814,3413.54,1137398,1144508,333.2,335.28
294.0,East Garo Hills,Meghalaya,25.735169,90.634221,2997.03,2525936,2544444,842.81,848.99
295.0,South Garo Hills,Meghalaya,25.30162,90.585297,1965.79,1478741,1498135,752.24,762.1
296.0,West Khasi Hills,Meghalaya,25.526494,91.260782,5362.52,3512755,3533859,655.06,658.99
297.0,Ri Bhoi,Meghalaya,25.870437,91.891024,2490.61,2486622,2511176,998.4,1008.26
298.0,East Khasi Hills,Meghalaya,25.380404,91.800651,2885.65,3946178,3999480,1367.52,1385.99
299.0,Jaintia Hills,Meghalaya,25.368353,92.381076,3919.2,2782598,2800344,709.99,714.52
300.0,Kokrajhar,Assam,26.514508,90.130629,3238.54,591441,599108,182.63,184.99
301.0,Dhubri,Assam,26.067486,90.022375,2342.07,77860,78216,33.24,33.4
302.0,Goalpara,Assam,26.055456,90.605506,2055.95,55744,56150,27.11,27.31
303.0,Barpeta,Assam,26.340183,91.010841,2366.54,2964480,3002344,1252.66,1268.66
304.0,Marigaon,Assam,26.284769,92.281964,1593.98,186868,188201,117.23,118.07
305.0,Nagaon,Assam,26.222955,92.842518,4131.94,4028816,4053938,975.04,981.12
306.0,Sonitpur,Assam,26.782366,92.939251,5378.84,999474,1007350,185.82,187.28
307.0,Lakhimpur,Assam,27.168957,94.12581,3005.55,1376362,1393976,457.94,463.8
308.0,Dhemaji,Assam,27.577746,94.777818,2726.55,285719,287994,104.79,105.63
309.0,Tinsukia,Assam,27.578576,95.6265,3992.84,1103863,1114558,276.46,279.14
310.0,Dibrugarh,Assam,27.366443,95.056174,3559.32,1845991,1859730,518.64,522.5
311.0,Sivasagar,Assam,27.007254,94.819994,2758.27,158979,160061,57.64,58.03
312.0,Jorhat,Assam,26.793961,94.256546,3127.33,3781268,3809113,1209.1,1218.01
313.0,Golaghat,Assam,26.457267,93.833443,3502.06,1875826,1885700,535.64,538.45
314.0,Karbi Anglong,Assam,26.065452,93.148707,10801.43,2874742,2886545,266.14,267.24
315.0,Dima Hasao,Assam,25.377052,93.034172,5082.6,1399011,1407234,275.25,276.87
316.0,Cachar,Assam,24.811249,92.856422,3918.38,1266019,1273867,323.1,325.1
317.0,Karimganj,Assam,24.581302,92.377457,1929.73,1638815,1654307,849.25,857.27
318.0,Hailakandi,Assam,24.494118,92.588773,1377.19,1098085,1108971,797.34,805.24
319.0,Bongaigaon,Assam,26.365205,90.624781,1075.79,2081496,2099734,1934.85,1951.81
320.0,Chirang,Assam,26.642974,90.616292,1768.93,2360722,2372561,1334.55,1341.24
321.0,Kamrup,Assam,26.118011,91.406148,2982.93,1945748,1953999,652.29,655.06
322.0,Kamrup Metropolitan,Assam,26.090025,91.821599,1242.18,4904751,4932784,3948.5,3971.07
323.0,Nalbari,Assam,26.367925,91.387668,1058.64,2400818,2413437,2267.83,2279.75
324.0,Baksa,Assam,26.664847,91.346514,2432.06,389853,392480,160.3,161.38
325.0,Darrang,Assam,26.449265,92.037403,1659.86,441829,444414,266.18,267.74
326.0,Udalguri,Assam,26.730067,92.037268,2100.65,576640,580187,274.51,276.19
327.0,Darjiling,West Bengal,26.913465,88.394682,3232.29,3231900,3251648,999.88,1005.99
328.0,Jalpaiguri,West Bengal,26.660517,89.08443,6317.65,1131550,1143480,179.11,181.0
329.0,Koch Bihar,West Bengal,26.291065,89.343576,3463.02,39506,39792,11.41,11.49
330.0,Uttar Dinajpur,West Bengal,25.88098,88.158248,3264.88,3724228,3767716,1140.69,1154.01
331.0,Dakshin Dinajpur,West Bengal,25.364006,88.588184,2198.16,26078,26198,11.86,11.92
332.0,Maldah,West Bengal,25.136681,88.092326,3641.01,1399139,1411028,384.27,387.54
333.0,Murshidabad,West Bengal,24.161151,88.231067,5404.57,1050059,1063303,194.29,196.74
334.0,Birbhum,West Bengal,23.953559,87.666478,4594.44,2089435,2110652,454.77,459.39
335.0,Barddhaman,West Bengal,23.42777,87.767732,7103.65,1062413,1076114,149.56,151.49
336.0,Nadia,West Bengal,23.482694,88.521449,3973.25,2454449,2473039,617.74,622.42
337.0,North 24 Parganas,West Bengal,22.464952,88.780323,5889.87,138409,139292,23.5,23.65
338.0,Hugli,West Bengal,22.884702,88.079813,3183.24,273884,275674,86.04,86.6
339.0,Bankura,West Bengal,23.14098,87.134957,7011.15,619745,627494,88.39,89.5
340.0,Puruliya,West Bengal,23.27737,86.418326,6285.44,223835,225505,35.61,35.88
341.0,Haora,West Bengal,22.526034,88.067519,1464.95,46345,46663,31.64,31.85
342.0,Kolkata,West Bengal,22.555257,88.35584,92.62,91228,91836,984.97,991.54
343.0,South 24 Parganas,West Bengal,22.115958,88.416896,5651.7,76899,77519,13.61,13.72
344.0,Pashchim Medinipur,West Bengal,22.414271,87.267025,9466.11,9259255,9349466,978.15,987.68
345.0,Purba Medinipur,West Bengal,22.020759,87.774394,4090.88,3865385,3891022,944.88,951.15
346.0,Garhwa,Jharkhand,24.101049,83.699326,4106.7,173090,174312,42.15,42.45
347.0,Chatra,Jharkhand,24.173543,84.887101,3764.11,2801924,2835351,744.38,753.26
348.0,Kodarma,Jharkhand,24.437036,85.595598,2526.14,5783829,5859774,2289.59,2319.66
349.0,Giridih,Jharkhand,24.296357,86.110286,5034.45,2398666,2408657,476.45,478.43
350.0,Deoghar,Jharkhand,24.327974,86.741141,2454.74,2779390,2811206,1132.25,1145.22
351.0,Godda,Jharkhand,24.859581,87.312123,2258.69,1245394,1255834,551.38,556.0
352.0,Sahibganj,Jharkhand,25.008064,87.679559,2215.72,4358564,4385289,1967.11,1979.17
353.0,Pakur,Jharkhand,24.563261,87.66413,1832.94,56690,57538,30.93,31.39
354.0,Dhanbad,Jharkhand,23.82926,86.471943,2144.1,1221510,1236738,569.71,576.81
355.0,Bokaro,Jharkhand,23.691536,85.98803,2811.65,2554762,2580216,908.63,917.69
356.0,Lohardaga,Jharkhand,23.475683,84.670022,1500.98,1268459,1280996,845.09,853.44
357.0,Purbi Singhbhum,Jharkhand,22.582566,86.45266,3594.15,2108375,2137427,586.61,594.7
358.0,Palamu,Jharkhand,24.202416,84.167431,4425.16,3228069,3243045,729.48,732.87
359.0,Latehar,Jharkhand,23.717787,84.443226,4266.62,4020775,4043330,942.38,947.67
360.0,Hazaribagh,Jharkhand,23.989979,85.413211,3616.75,840974,846884,232.52,234.16
361.0,Ramgarh,Jharkhand,23.630726,85.560568,1359.28,131607,132551,96.82,97.52
362.0,Dumka,Jharkhand,24.319676,87.266637,3801.56,1060223,1066044,278.89,280.42
363.0,Jamtara,Jharkhand,23.976913,86.917231,1815.77,1297927,1312608,714.81,722.89
364.0,Ranchi,Jharkhand,23.331312,85.370764,4953.93,1734685,1753730,350.16,354.01
365.0,Khunti,Jharkhand,22.997713,85.274546,2717.35,2303310,2318897,847.63,853.37
366.0,Gumla,Jharkhand,23.102262,84.534676,5367.81,977113,983928,182.03,183.3
367.0,Simdega,Jharkhand,22.580073,84.566369,3792.99,975666,983321,257.23,259.25
368.0,Pashchimi Singhbhum,Jharkhand,22.419703,85.519594,7247.16,4476174,4519078,617.65,623.57
369.0,Saraikela-kharsawan,Jharkhand,22.844935,85.95156,2662.03,3191323,3229876,1198.83,1213.31
370.0,Bargarh,Odisha,21.220225,83.353441,5798.22,2871689,2891394,495.27,498.67
371.0,Jharsuguda,Odisha,21.805985,83.954734,2118.68,3752106,3776226,1770.96,1782.35
372.0,Sambalpur,Odisha,21.451912,84.280934,6740.02,4405826,4449465,653.68,660.16
373.0,Debagarh,Odisha,21.465936,84.803714,2817.97,795456,805492,282.28,285.84
374.0,Sundargarh,Odisha,22.079776,84.510577,9742.1,3899909,3942266,400.32,404.66
375.0,Kendujhar,Odisha,21.537081,85.705072,8344.67,1222037,1230623,146.45,147.47
376.0,Mayurbhanj,Odisha,21.895172,86.411179,10496.74,201130,202610,19.16,19.3
377.0,Baleshwar,Odisha,21.489779,86.917045,3909.19,182819,184222,46.77,47.13
378.0,Bhadrak,Odisha,20.985859,86.625402,2498.45,4191815,4236132,1677.77,1695.5
379.0,Kendrapara,Odisha,20.553126,86.609699,2494.97,1631834,1650686,654.05,661.61
380.0,Jagatsinghapur,Odisha,20.22182,86.343651,1750.48,1246754,1255214,712.24,717.07
381.0,Cuttack,Odisha,20.449593,85.705745,3961.09,845238,850340,213.39,214.67
382.0,Jajapur,Odisha,20.855928,86.152197,2913.91,3190247,3209080,1094.83,1101.3
383.0,Dhenkanal,Odisha,20.826175,85.526213,4491.0,1562407,1581490,347.9,352.15
384.0,Anugul,Odisha,20.986366,84.908959,6378.98,6177472,6210895,968.41,973.65
385.0,Nayagarh,Odisha,20.213057,84.999438,3902.57,4086790,4129494,1047.2,1058.15
386.0,Khordha,Odisha,20.089963,85.511418,2761.55,6800930,6901407,2462.72,2499.11
387.0,Puri,Odisha,19.876548,85.720894,3571.3,3204376,3225010,897.26,903.04
388.0,Ganjam,Odisha,19.626933,84.671068,8502.02,1209350,1217703,142.24,143.23
389.0,Gajapati,Odisha,19.173383,84.16068,4065.16,5666560,5695888,1393.93,1401.15
390.0,Kandhamal,Odisha,20.128896,84.047243,8059.15,2994216,3019890,371.53,374.72
391.0,Bauda,Odisha,20.646815,84.177645,3122.46,4922486,4971577,1576.48,1592.2
392.0,Subarnapur,Odisha,20.931536,83.824863,2359.57,5763906,5805555,2442.78,2460.43
393.0,Balangir,Odisha,20.590462,83.173883,6566.57,1374588,1381273,209.33,210.35
394.0,Nuapada,Odisha,20.465662,82.578315,3862.88,3030848,3067944,784.61,794.21
395.0,Kalahandi,Odisha,19.867699,83.109231,7901.88,866690,874339,109.68,110.65
396.0,Rayagada,Odisha,19.362278,83.513845,7371.15,4739928,4769904,643.04,647.1
397.0,Nabarangapur,Odisha,19.588042,82.337664,5296.39,2836974,2851182,535.64,538.33
398.0,Koraput,Odisha,18.816546,82.721266,8701.88,2555466,2574172,293.67,295.82
399.0,Malkangiri,Odisha,18.258068,81.956331,5816.81,1735715,1749349,298.4,300.74
400.0,Koriya,Chhattisgarh,23.468141,82.23719,6635.94,191423,193167,28.85,29.11
401.0,Surguja,Chhattisgarh,23.357765,83.219401,15737.32,513581,518006,32.63,32.92
402.0,Jashpur,Chhattisgarh,22.800429,83.866362,5812.33,1391353,1405323,239.38,241.78
403.0,Raigarh,Chhattisgarh,22.085823,83.306032,7088.78,11258662,11368230,1588.24,1603.69
404.0,Korba,Chhattisgarh,22.532313,82.611911,6582.45,1649150,1663682,250.54,252.75
405.0,Janjgir-champa,Chhattisgarh,21.926232,82.737935,3868.0,2575027,2609038,665.73,674.52
406.0,Bilaspur,Chhattisgarh,22.351317,81.961668,8332.96,847233,852698,101.67,102.33
407.0,Kabeerdham,Chhattisgarh,22.091031,81.223075,4216.65,1053181,1064920,249.77,252.55
408.0,Rajnandgaon,Chhattisgarh,21.039406,80.819271,8047.95,3478159,3496892,432.18,434.51
409.0,Durg,Chhattisgarh,21.191189,81.353843,8592.55,797110,807008,92.77,93.92
410.0,Raipur,Chhattisgarh,21.071287,82.173957,12438.31,2529303,2544476,203.35,204.57
411.0,Mahasamund,Chhattisgarh,21.207099,82.61282,4731.33,1254960,1273837,265.24,269.23
412.0,Dhamtari,Chhattisgarh,20.556139,81.8105,4055.57,53442,53873,13.18,13.28
413.0,Uttar Bastar Kanker,Chhattisgarh,20.147721,81.129188,6794.85,9184586,9233190,1351.7,1358.85
414.0,Bastar,Chhattisgarh,19.421963,81.770259,10339.43,279636,282063,27.05,27.28
415.0,Narayanpur,Chhattisgarh,19.604265,81.081192,4268.96,1628137,1652370,381.39,387.07
416.0,Dakshin Bastar Dantewada,Chhattisgarh,18.499958,81.37964,8866.65,891425,895943,100.54,101.05
417.0,Bijapur,Chhattisgarh,18.843216,80.7761,8775.67,800944,806661,91.27,91.92
418.0,Sheopur,Madhya Pradesh,25.752466,77.010434,6564.86,5403072,5486016,823.03,835.66
419.0,Morena,Madhya Pradesh,26.413781,77.868817,4993.29,863233,868765,172.88,173.99
420.0,Bhind,Madhya Pradesh,26.42108,78.722647,4469.77,2326132,2344087,520.41,524.43
421.0,Gwalior,Madhya Pradesh,26.011378,78.219572,5224.92,743100,750337,142.22,143.61
422.0,Datia,Madhya Pradesh,25.850458,78.568758,1887.49,3048592,3063390,1615.16,1623.0
423.0,Shivpuri,Madhya Pradesh,25.362674,77.812508,10491.06,2172890,2200678,207.12,209.77
424.0,Tikamgarh,Madhya Pradesh,24.988304,78.946663,5068.28,2791718,2818604,550.82,556.13
425.0,Chhatarpur,Madhya Pradesh,24.796652,79.666144,8672.11,903626,913984,104.2,105.39
426.0,Panna,Madhya Pradesh,24.420461,80.191744,7092.28,2336102,2363368,329.39,333.23
427.0,Sagar,Madhya Pradesh,23.84803,78.758873,10258.35,742546,750374,72.38,73.15
428.0,Damoh,Madhya Pradesh,23.812785,79.527307,7349.79,1221688,1234012,166.22,167.9
429.0,Satna,Madhya Pradesh,24.532723,80.833337,7491.79,1111552,1123202,148.37,149.92
430.0,Rewa,Madhya Pradesh,24.755159,81.589623,6303.94,307260,309729,48.74,49.13
431.0,Umaria,Madhya Pradesh,23.564404,80.971893,4584.57,1670312,1681718,364.33,366.82
432.0,Neemuch,Madhya Pradesh,24.605643,75.144625,4194.38,4628510,4690670,1103.5,1118.32
433.0,Mandsaur,Madhya Pradesh,24.211338,75.405543,5681.73,7612683,7656011,1339.85,1347.48
434.0,Ratlam,Madhya Pradesh,23.501002,75.090087,4865.48,1944228,1966620,399.6,404.2
435.0,Ujjain,Madhya Pradesh,23.331689,75.668392,6132.28,1528699,1542197,249.29,251.49
436.0,Shajapur,Madhya Pradesh,23.579682,76.34568,6330.04,1581480,1588437,249.84,250.94
437.0,Dewas,Madhya Pradesh,22.74509,76.456403,6997.59,2201475,2215790,314.6,316.65
438.0,Dhar,Madhya Pradesh,22.497429,75.104139,8219.17,7670534,7757594,933.25,943.84
439.0,Indore,Madhya Pradesh,22.713058,75.782176,3939.76,629724,632521,159.84,160.55
440.0,West Nimar,Madhya Pradesh,21.920479,75.774508,8109.48,131978,133038,16.27,16.41
441.0,Barwani,Madhya Pradesh,21.787373,75.021316,5483.47,132147,133052,24.1,24.26
442.0,Rajgarh,Madhya Pradesh,23.861183,76.734644,6150.44,1878479,1898748,305.42,308.72
443.0,Vidisha,Madhya Pradesh,23.892709,77.81336,7319.96,579480,581649,79.16,79.46
444.0,Bhopal,Madhya Pradesh,23.47796,77.396076,2730.69,1193363,1204596,437.02,441.13
445.0,Sehore,Madhya Pradesh,22.991185,77.128585,6589.16,3563157,3584544,540.76,544.01
446.0,Raisen,Madhya Pradesh,23.21707,78.118367,8509.9,920822,930899,108.21,109.39
447.0,Betul,Madhya Pradesh,21.877963,77.87104,10083.38,4850078,4909502,481.0,486.89
448.0,Harda,Madhya Pradesh,22.234178,77.121103,3327.93,2301438,2311414,691.55,694.55
449.0,Hoshangabad,Madhya Pradesh,22.588285,77.988932,6722.04,400590,403120,59.59,59.97
450.0,Katni,Madhya Pradesh,23.7542,80.401464,5058.71,530991,534765,104.97,105.71
451.0,Jabalpur,Madhya Pradesh,23.232563,79.976503,5104.68,14920946,15049914,2922.99,2948.26
452.0,Narsimhapur,Madhya Pradesh,22.934566,79.08728,5144.76,5935208,6026912,1153.64,1171.47
453.0,Dindori,Madhya Pradesh,22.888939,81.056101,5698.82,5438086,5468746,954.25,959.63
454.0,Mandla,Madhya Pradesh,22.640413,80.513442,7540.58,2763517,2790518,366.49,370.07
455.0,Chhindwara,Madhya Pradesh,22.121379,78.85549,11809.16,1757222,1767520,148.8,149.67
456.0,Seoni,Madhya Pradesh,22.31565,79.690237,8749.77,5039576,5097654,575.97,582.6
457.0,Balaghat,Madhya Pradesh,21.880763,80.360611,9235.39,3082992,3099448,333.82,335.61
458.0,Guna,Madhya Pradesh,24.554642,77.20082,6320.37,4227482,4284178,668.87,677.84
459.0,Ashoknagar,Madhya Pradesh,24.609367,77.875198,4734.38,1913142,1924622,404.1,406.52
460.0,Shahdol,Madhya Pradesh,23.629001,81.472768,5681.13,1820932,1837034,320.52,323.36
461.0,Anuppur,Madhya Pradesh,23.056741,81.683994,3779.72,3405377,3428185,900.96,906.99
462.0,Sidhi,Madhya Pradesh,24.219784,81.835283,4772.14,4759930,4802881,997.44,1006.44
463.0,Singrauli,Madhya Pradesh,24.21667,82.420729,5777.84,1464779,1480126,253.52,256.17
464.0,Jhabua,Madhya Pradesh,22.89059,74.67181,3469.66,683421,688433,196.97,198.42
465.0,Alirajpur,Madhya Pradesh,22.313841,74.364523,3376.99,1638229,1655735,485.12,490.3
466.0,East Nimar,Madhya Pradesh,21.936186,76.571439,7480.4,6002262,6059978,802.4,810.11
467.0,Burhanpur,Madhya Pradesh,21.372051,76.370196,3216.89,1959026,1974831,608.98,613.89
468.0,Kachchh,Gujarat,23.628397,69.959958,43448.04,1601234,1617774,36.85,37.23
469.0,Banas Kantha,Gujarat,24.283524,72.031936,10870.81,1686965,1699177,155.18,156.31
470.0,Patan,Gujarat,23.769356,71.752429,5770.48,1269680,1274410,220.03,220.85
471.0,Mahesana,Gujarat,23.608974,72.461924,4494.46,242339,243981,53.92,54.28
472.0,Sabar Kantha,Gujarat,23.659346,73.16369,7538.51,1410013,1426848,187.04,189.27
473.0,Gandhinagar,Gujarat,23.255005,72.692335,2173.94,2678468,2707966,1232.08,1245.65
474.0,Ahmadabad,Gujarat,22.710023,72.195952,8175.2,4294641,4346876,525.33,531.71
475.0,Surendranagar,Gujarat,22.798192,71.540113,10742.3,9287903,9345457,864.61,869.97
476.0,Rajkot,Gujarat,22.262738,70.77504,11501.07,1997450,2021486,173.68,175.77
477.0,Jamnagar,Gujarat,22.252184,69.91356,11252.03,2290145,2306869,203.53,205.02
478.0,Porbandar,Gujarat,21.653474,69.778049,2363.91,903552,909157,382.23,384.6
479.0,Junagadh,Gujarat,21.221482,70.553985,8514.84,500763,504302,58.81,59.23
480.0,Amreli,Gujarat,21.383897,71.216451,8108.38,3219605,3256986,397.07,401.68
481.0,Bhavnagar,Gujarat,21.666564,71.841052,8553.66,1256206,1271896,146.86,148.7
482.0,Anand,Gujarat,22.447978,72.777328,2966.69,346287,348870,116.73,117.6
483.0,Kheda,Gujarat,22.876275,73.016733,4059.85,1214166,1227729,299.07,302.41
484.0,Panch Mahals,Gujarat,22.903958,73.664142,5368.39,3097304,3133805,576.95,583.75
485.0,Dohad,Gujarat,22.857274,74.11595,3637.36,206532,207434,56.78,57.03
486.0,Vadodara,Gujarat,22.233081,73.531919,7623.16,886317,892084,116.27,117.02
487.0,Narmada,Gujarat,21.735372,73.647533,2862.47,3069291,3103122,1072.25,1084.07
488.0,Bharuch,Gujarat,21.786403,72.925147,5367.4,2199205,2222488,409.73,414.07
489.0,The Dangs,Gujarat,20.804353,73.701288,1787.57,3857722,3895927,2158.08,2179.45
490.0,Navsari,Gujarat,20.815173,73.089729,2261.9,2531166,2562312,1119.04,1132.81
491.0,Valsad,Gujarat,20.418519,73.114709,3048.39,1132897,1144471,371.64,375.43
492.0,Surat,Gujarat,21.265958,73.071999,4402.05,1470868,1481001,334.13,336.43
493.0,Tapi,Gujarat,21.191573,73.631189,3198.19,72871,73356,22.79,22.94
494.0,Diu,Daman & Diu,20.720892,70.939868,36.61,4312667,4334091,117800.25,118385.44
495.0,Daman,Daman & Diu,20.414065,72.852354,74.81,5445211,5520378,72787.21,73791.98
496.0,Dadra & Nagar Haveli,Dadara & Nagar Havelli,20.195053,73.070653,501.48,481188,484336,959.54,965.81
497.0,Nandurbar,Maharashtra,21.549649,74.218699,5969.19,1996700,2009837,334.5,336.7
498.0,Dhule,Maharashtra,21.109877,74.601095,7258.47,4538919,4578914,625.33,630.84
499.0,Jalgaon,Maharashtra,20.935515,75.489905,11858.42,1899295,1911834,160.16,161.22
500.0,Buldana,Maharashtra,20.511057,76.408266,9798.74,1996713,2019448,203.77,206.09
501.0,Akola,Maharashtra,20.748908,77.053286,5425.18,2243169,2270215,413.47,418.46
502.0,Washim,Maharashtra,20.23756,77.219042,5212.13,1480124,1496276,283.98,287.08
503.0,Amravati,Maharashtra,21.18784,77.572016,12236.64,5217024,5287824,426.34,432.13
504.0,Wardha,Maharashtra,20.795772,78.587639,6314.3,4854711,4893794,768.84,775.03
505.0,Nagpur,Maharashtra,21.176285,79.087574,9926.05,2964651,2997498,298.67,301.98
506.0,Bhandara,Maharashtra,21.129211,79.750896,3857.48,1985388,2006339,514.69,520.12
507.0,Gondiya,Maharashtra,21.148971,80.205352,5468.38,307074,309316,56.15,56.56
508.0,Garhchiroli,Maharashtra,19.784918,80.241083,14438.71,2046335,2063985,141.73,142.95
509.0,Chandrapur,Maharashtra,20.117928,79.443771,11302.18,71835,72376,6.36,6.4
510.0,Yavatmal,Maharashtra,20.083941,78.162227,13550.06,1932178,1956637,142.6,144.4
511.0,Nanded,Maharashtra,19.115932,77.624008,10620.8,735012,739994,69.2,69.67
512.0,Hingoli,Maharashtra,19.615157,77.1189,4705.82,2891279,2927073,614.4,622.01
513.0,Parbhani,Maharashtra,19.285734,76.682764,6365.21,1799678,1817642,282.74,285.56
514.0,Jalna,Maharashtra,19.818195,75.981886,7817.38,690104,698745,88.28,89.38
515.0,Aurangabad,Maharashtra,20.021515,75.27345,10198.13,418941,425757,41.08,41.75
516.0,Nashik,Maharashtra,20.259216,74.07142,15748.8,645481,652404,40.99,41.43
517.0,Thane,Maharashtra,19.599155,73.1509,9675.55,686376,690499,70.94,71.37
518.0,Mumbai Suburban,Maharashtra,19.12958,72.88507,460.51,2441550,2457210,5301.84,5335.85
519.0,Mumbai,Maharashtra,18.959628,72.849623,151.89,1886035,1907523,12417.11,12558.58
520.0,Raigarh,Maharashtra,18.517195,73.214837,7271.31,1583937,1603931,217.83,220.58
521.0,Pune,Maharashtra,18.570885,74.069082,15852.55,301520,303667,19.02,19.16
522.0,Ahmadnagar,Maharashtra,19.203495,74.676902,17228.58,1702850,1717380,98.84,99.68
523.0,Bid,Maharashtra,18.930415,75.869679,11117.13,2313685,2342996,208.12,210.76
524.0,Latur,Maharashtra,18.360523,76.775085,6779.11,2111256,2141612,311.44,315.91
525.0,Osmanabad,Maharashtra,18.189067,76.038788,7610.88,4121896,4168887,541.58,547.75
526.0,Solapur,Maharashtra,17.789756,75.482901,15019.62,812296,821759,54.08,54.71
527.0,Satara,Maharashtra,17.668588,74.173789,10635.93,1396220,1404087,131.27,132.01
528.0,Ratnagiri,Maharashtra,17.273728,73.456833,8387.24,2803606,2845702,334.27,339.29
529.0,Sindhudurg,Maharashtra,16.134315,73.739876,5143.91,487631,490514,94.8,95.36
530.0,Kolhapur,Maharashtra,16.469725,74.159752,7766.14,1271733,1285061,163.75,165.47
531.0,Sangli,Maharashtra,17.112018,74.769901,8650.1,1990304,2011891,230.09,232.59
532.0,Adilabad,Andhra Pradesh,19.256458,78.972134,16047.75,3574930,3628793,222.77,226.12
533.0,Nizamabad,Andhra Pradesh,18.526102,78.143941,7922.52,3413361,3467362,430.84,437.66
534.0,Karimnagar,Andhra Pradesh,18.549654,79.240902,11897.54,1546632,1553460,130.0,130.57
535.0,Medak,Andhra Pradesh,17.888002,78.215686,9774.7,4343852,4410120,444.4,451.18
536.0,Hyderabad,Andhra Pradesh,17.389835,78.46994,178.23,799836,804684,4487.66,4514.86
537.0,Rangareddy,Andhra Pradesh,17.288044,78.177394,7562.93,7641381,7706802,1010.37,1019.02
538.0,Mahbubnagar,Andhra Pradesh,16.498531,78.146134,18412.18,653957,658005,35.52,35.74
539.0,Nalgonda,Andhra Pradesh,17.067799,79.288681,14090.38,3855279,3901756,273.61,276.91
540.0,Warangal,Andhra Pradesh,17.955165,79.799226,12801.3,1646568,1663928,128.63,129.98
541.0,Khammam,Andhra Pradesh,17.596912,80.6873,16063.32,2553347,2573562,158.96,160.21
542.0,Srikakulam,Andhra Pradesh,18.578563,83.988096,6332.3,3705217,3759296,585.13,593.67
543.0,Vizianagaram,Andhra Pradesh,18.46738,83.379276,5597.62,220460,222129,39.38,39.68
544.0,Visakhapatnam,Andhra Pradesh,17.890899,82.692473,11433.16,10149753,10203449,887.75,892.44
545.0,East Godavari,Andhra Pradesh,17.188549,82.011832,10838.16,193121,194842,17.82,17.98
546.0,West Godavari,Andhra Pradesh,16.89462,81.402263,7763.2,724547,728124,93.33,93.79
547.0,Krishna,Andhra Pradesh,16.562644,80.800667,8551.85,1022870,1030380,119.61,120.49
548.0,Guntur,Andhra Pradesh,16.298807,80.091523,11425.55,4703752,4775034,411.69,417.93
549.0,Prakasam,Andhra Pradesh,15.621337,79.515797,17710.48,2610179,2624359,147.38,148.18
550.0,Sri Potti Sriramulu Nellore,Andhra Pradesh,14.426802,79.734401,13118.79,995417,1001522,75.88,76.34
551.0,Y.s.r.,Andhra Pradesh,14.459869,78.783565,15164.41,5158946,5228763,340.2,344.8
552.0,Kurnool,Andhra Pradesh,15.533622,78.00615,17853.68,3633530,3658346,203.52,204.91
553.0,Anantapur,Andhra Pradesh,14.481028,77.576878,19274.63,3526882,3569411,182.98,185.19
554.0,Chittoor,Andhra Pradesh,13.467228,79.014303,15179.97,4199512,4237378,276.65,279.14
555.0,Belgaum,Karnataka,16.119442,74.822982,13531.62,2564250,2586922,189.5,191.18
556.0,Bagalkot,Karnataka,16.220549,75.625376,6619.3,2791525,2820069,421.73,426.04
557.0,Bijapur,Karnataka,16.793724,75.953096,10575.71,139067,140046,13.15,13.24
558.0,Bidar,Karnataka,17.952829,77.226454,5463.62,1289241,1299753,235.97,237.89
559.0,Raichur,Karnataka,16.089474,76.893147,8483.95,35299,35610,4.16,4.2
560.0,Koppal,Karnataka,15.561749,76.221866,5600.76,593214,595753,105.92,106.37
561.0,Gadag,Karnataka,15.431066,75.666278,4678.38,8340709,8392619,1782.82,1793.92
562.0,Dharwad,Karnataka,15.389352,75.153839,4314.01,2455376,2464343,569.16,571.24
563.0,Uttara Kannada,Karnataka,14.79409,74.622917,10302.67,178346,180232,17.31,17.49
564.0,Haveri,Karnataka,14.738084,75.417714,4849.5,573955,576747,118.35,118.93
565.0,Bellary,Karnataka,15.109563,76.533357,8485.49,884950,888701,104.29,104.73
566.0,Chitradurga,Karnataka,14.167503,76.516426,8491.91,3780185,3794976,445.15,446.89
567.0,Davanagere,Karnataka,14.408032,75.95477,5985.58,3555239,3569866,593.97,596.41
568.0,Shimoga,Karnataka,14.043553,75.22065,8519.75,1265818,1270338,148.57,149.11
569.0,Udupi,Karnataka,13.466689,74.883498,3905.68,1920270,1927472,491.66,493.5
570.0,Chikmagalur,Karnataka,13.454274,75.691344,7267.06,589379,594173,81.1,81.76
571.0,Tumkur,Karnataka,13.520228,76.947667,10657.5,4310913,4329760,404.5,406.26
572.0,Bangalore,Karnataka,12.950835,77.595936,2188.36,1649209,1666957,753.63,761.74
573.0,Mandya,Karnataka,12.610356,76.797957,4968.82,1539004,1551636,309.73,312.27
574.0,Hassan,Karnataka,12.995356,76.109064,6854.87,69180,69721,10.09,10.17
575.0,Dakshina Kannada,Karnataka,12.838221,75.266651,4630.4,2688509,2700624,580.62,583.24
576.0,Kodagu,Karnataka,12.324364,75.803275,4140.76,3281787,3294144,792.56,795.54
577.0,Mysore,Karnataka,12.208802,76.442119,6341.15,4873802,4896710,768.6,772.21
578.0,Chamrajnagar,Karnataka,11.956894,77.099755,5688.87,2399492,2409244,421.79,423.5
579.0,Gulbarga,Karnataka,17.260174,76.869488,11010.22,1547058,1561235,140.51,141.8
580.0,Yadgir,Karnataka,16.626412,76.913636,5304.62,125280,126122,23.62,23.78
581.0,Kolar,Karnataka,13.139328,78.217693,3991.65,3889501,3917077,974.41,981.32
582.0,Chikkaballapura,Karnataka,13.578232,77.836189,4227.44,3536606,3574184,836.58,845.47
583.0,Bangalore Rural,Karnataka,13.225668,77.575011,2312.02,1281778,1291205,554.4,558.47
584.0,Ramanagara,Karnataka,12.678547,77.336499,3527.42,893232,898637,253.23,254.76
585.0,North Goa,Goa,15.552533,73.980657,1702.75,2247187,2258829,1319.74,1326.58
586.0,South Goa,Goa,15.196355,74.118436,1974.03,3210540,3229005,1626.39,1635.74
587.0,Lakshadweep,Lakshadweep,11.091062,72.735057,676.16,2753460,2777989,4072.2,4108.48
588.0,Kasaragod,Kerala,12.462818,75.153682,1982.7,148389,149319,74.84,75.31
589.0,Kannur,Kerala,12.000633,75.526238,2971.85,866284,876246,291.5,294.85
590.0,Wayanad,Kerala,11.711246,76.098133,2143.21,856150,860864,399.47,401.67
591.0,Kozhikode,Kerala,11.484801,75.834361,2348.05,2839930,2882632,1209.48,1227.67
592.0,Malappuram,Kerala,11.132066,76.155781,3586.64,35729,35966,9.96,10.03
593.0,Palakkad,Kerala,10.794641,76.558584,4510.56,56050,56488,12.43,12.52
594.0,Thrissur,Kerala,10.471178,76.31615,3044.03,3805066,3826254,1250.01,1256.97
595.0,Ernakulam,Kerala,10.057658,76.472682,2423.48,1693647,1702681,698.85,702.58
596.0,Idukki,Kerala,9.882198,77.027463,5026.68,299222,300387,59.53,59.76
597.0,Kottayam,Kerala,9.637065,76.650919,2221.44,4411094,4451276,1985.69,2003.78
598.0,Alappuzha,Kerala,9.423558,76.44958,1428.57,4831306,4892988,3381.92,3425.1
599.0,Pathanamthitta,Kerala,9.284061,76.928967,2655.38,2256780,2277302,849.89,857.62
600.0,Kollam,Kerala,8.960991,76.87487,2497.9,5940298,6000484,2378.12,2402.21
601.0,Thiruvananthapuram,Kerala,8.608458,77.015,2187.97,3649909,3665863,1668.17,1675.46
602.0,Thiruvallur,Tamil Nadu,13.243085,79.939968,3256.12,1583486,1599813,486.31,491.32
603.0,Chennai,Tamil Nadu,13.064698,80.25231,128.42,3264782,3278246,25422.69,25527.53
604.0,Kancheepuram,Tamil Nadu,12.695165,79.947867,4622.08,2210456,2219185,478.24,480.13
605.0,Vellore,Tamil Nadu,12.812269,79.010374,6072.56,4355784,4379358,717.29,721.17
606.0,Tiruvannamalai,Tamil Nadu,12.431083,79.167693,6187.1,1880176,1889969,303.89,305.47
607.0,Viluppuram,Tamil Nadu,11.973468,79.292148,7187.49,4272016,4297344,594.37,597.89
608.0,Salem,Tamil Nadu,11.674058,78.222146,5225.92,1534640,1545834,293.66,295.8
609.0,Namakkal,Tamil Nadu,11.316252,78.136139,3411.78,1026026,1033064,300.73,302.79
610.0,Erode,Tamil Nadu,11.515201,77.414302,5780.75,793101,797848,137.2,138.02
611.0,The Nilgiris,Tamil Nadu,11.455893,76.641877,2566.66,2967265,3012696,1156.08,1173.78
612.0,Dindigul,Tamil Nadu,10.38976,77.820035,6084.43,151678,152765,24.93,25.11
613.0,Karur,Tamil Nadu,10.842978,78.133091,2899.08,610650,615678,210.64,212.37
614.0,Tiruchirappalli,Tamil Nadu,10.888914,78.570439,4514.69,4437954,4463493,983.0,988.66
615.0,Perambalur,Tamil Nadu,11.27334,78.893015,1754.66,76268,76866,43.47,43.81
616.0,Ariyalur,Tamil Nadu,11.160536,79.244223,1951.9,458680,462063,234.99,236.72
617.0,Cuddalore,Tamil Nadu,11.535031,79.450898,3701.1,2232014,2255525,603.07,609.42
618.0,Nagappattinam,Tamil Nadu,10.849429,79.7389,2485.92,164286,165506,66.09,66.58
619.0,Thiruvarur,Tamil Nadu,10.679886,79.535996,2272.39,1936248,1951092,852.08,858.61
620.0,Thanjavur,Tamil Nadu,10.671518,79.241305,3394.23,107556,108376,31.69,31.93
621.0,Pudukkottai,Tamil Nadu,10.358622,78.881243,4660.33,1017682,1023630,218.37,219.65
622.0,Sivaganga,Tamil Nadu,9.915088,78.59866,4257.54,2461311,2478380,578.11,582.12
623.0,Madurai,Tamil Nadu,9.920963,78.006294,3703.09,96486,97204,26.06,26.25
624.0,Theni,Tamil Nadu,9.890243,77.439358,2862.07,857972,865079,299.77,302.26
625.0,Virudunagar,Tamil Nadu,9.483973,77.94309,4394.73,1161477,1173499,264.29,267.02
626.0,Ramanathapuram,Tamil Nadu,9.440134,78.673284,3951.06,1420177,1434807,359.44,363.14
627.0,Thoothukkudi,Tamil Nadu,8.890839,78.00443,4641.14,1754329,1774230,378.0,382.28
628.0,Tirunelveli,Tamil Nadu,8.798697,77.541954,6819.09,1118673,1128742,164.05,165.53
629.0,Kanniyakumari,Tamil Nadu,8.306941,77.361429,1695.06,1293702,1305144,763.22,769.97
630.0,Dharmapuri,Tamil Nadu,12.096885,78.195788,4524.7,678294,686774,149.91,151.78
631.0,Krishnagiri,Tamil Nadu,12.489038,78.032694,5152.29,1316592,1332213,255.54,258.57
632.0,Coimbatore,Tamil Nadu,10.874524,76.97558,4673.05,1649543,1655506,352.99,354.27
633.0,Tiruppur,Tamil Nadu,10.838129,77.405415,5220.23,359151,365648,68.8,70.04
634.0,Yanam,Puducherry,16.726649,82.25456,37.81,1181593,1200744,31250.81,31757.31
635.0,Puducherry,Puducherry,11.912098,79.732999,299.92,81663,82696,272.28,275.73
636.0,Mahe,Puducherry,11.726678,75.541538,9.93,970792,980547,97763.54,98745.92
637.0,Karaikal,Puducherry,10.934378,79.802063,153.21,47244,47445,308.36,309.67
638.0,Nicobar,Andaman & Nicobar Island,7.516872,93.602851,1782.98,271730,272703,152.4,152.95
639.0,North & Middle Andaman,Andaman & Nicobar Island,12.837902,92.867521,3505.18,96617,96869,27.56,27.64
640.0,South Andaman,Andaman & Nicobar Island,11.519264,92.64896,2529.69,60422,60650,23.89,23.98
